File,Group
accuracy_calibration_engine.py,CORE_ENGINE
accuracy_monitoring_governance.py,UNCLASSIFIED
accuracy_tracker.py,UNCLASSIFIED
adaptive_config.py,LEARNING
adaptive_model_engine.py,CORE_ENGINE
adaptive_weight_optimizer.py,LEARNING
advanced_backtest_analytics.py,UNCLASSIFIED
advanced_statistics_engine.py,CORE_ENGINE
alert_notification_manager.py,UNCLASSIFIED
analytics_dashboard_builder.py,REPORTING
automated_report_publisher.py,REPORTING
autonomous_learning_controller.py,CONTROLLER
backtest_engine.py,CORE_ENGINE
backtest_report_generator.py,REPORTING
batch_execution_optimizer.py,EXECUTION
bhavcopy_loader.py,UNCLASSIFIED
calibration_engine.py,CORE_ENGINE
calibration_models.py,UNCLASSIFIED
candidate_selector.py,UNCLASSIFIED
confidence_engine.py,CORE_ENGINE
confidence_grading_engine.py,CORE_ENGINE
confidence_history_manager.py,UNCLASSIFIED
configuration_governance.py,UTILITY
continuous_learning_runner.py,CONTROLLER
daily_execution_controller.py,CONTROLLER
daily_pipeline_controller.py,CONTROLLER
daily_report_orchestrator.py,REPORTING
daily_workflow_controller.py,CONTROLLER
decision_fusion_validator.py,DECISION
decision_history_analyzer.py,DECISION
decision_intelligence_engine.py,CORE_ENGINE
end_to_end_execution_runner.py,CONTROLLER
enterprise_intelligence_controller.py,CONTROLLER
enterprise_optimization_controller.py,CONTROLLER
enterprise_reporting_engine.py,CORE_ENGINE
execution_benchmark_engine.py,CORE_ENGINE
execution_queue_controller.py,CONTROLLER
execution_scheduler_manager.py,EXECUTION
execution_speed_optimizer.py,EXECUTION
explainable_decision_engine.py,CORE_ENGINE
feature_cache_manager.py,MEMORY
feature_config.py,UTILITY
feature_engineering.py,CORE_ENGINE
feature_governance_engine.py,CORE_ENGINE
feature_models.py,UNCLASSIFIED
feature_normalizer.py,UNCLASSIFIED
feature_weight_manager.py,UNCLASSIFIED
final_execution_controller.py,CONTROLLER
final_intelligence_report.py,REPORTING
governance_dashboard_builder.py,REPORTING
historical_dataset_loader.py,UNCLASSIFIED
historical_dataset_manager.py,UNCLASSIFIED
historical_loader.py,UNCLASSIFIED
historical_memory_builder.py,MEMORY
historical_memory_build_runner.py,CONTROLLER
historical_performance_analyzer.py,UNCLASSIFIED
historical_replay_controller.py,CONTROLLER
historical_replay_manager.py,UNCLASSIFIED
historical_replay_validator.py,UNCLASSIFIED
historical_similarity_engine.py,CORE_ENGINE
historical_statistics_builder.py,UNCLASSIFIED
hmme18_config.py,UTILITY
hmme41_paths.py,UNCLASSIFIED
hmme_activation_controller.py,CONTROLLER
hmme_autonomous_master_controller.py,CONTROLLER
hmme_batch_optimizer.py,UNCLASSIFIED
hmme_batch_runner.py,CONTROLLER
hmme_controller.py,CONTROLLER
hmme_daily_runner.py,CONTROLLER
hmme_dataset_runner.py,CONTROLLER
hmme_data_adapter.py,UNCLASSIFIED
hmme_data_validator.py,UNCLASSIFIED
hmme_decision_schema.py,DECISION
hmme_engine.py,CORE_ENGINE
hmme_enterprise_controller.py,CONTROLLER
hmme_execution_manager.py,EXECUTION
hmme_execution_summary.py,EXECUTION
hmme_final_master_controller.py,CONTROLLER
hmme_governance_validator.py,UNCLASSIFIED
hmme_integration_validator.py,UNCLASSIFIED
hmme_live_runner.py,CONTROLLER
hmme_master_engine.py,CORE_ENGINE
hmme_master_integration_tester.py,UNCLASSIFIED
hmme_memory_builder.py,MEMORY
hmme_memory_monitor.py,MEMORY
hmme_memory_reporter.py,MEMORY
hmme_models.py,UNCLASSIFIED
hmme_ntis_master_controller.py,CONTROLLER
hmme_operating_controller.py,CONTROLLER
hmme_operations_validator.py,UNCLASSIFIED
hmme_output_manager.py,UNCLASSIFIED
hmme_performance_config.py,UTILITY
hmme_performance_monitor.py,UNCLASSIFIED
hmme_pipeline.py,CONTROLLER
hmme_report_generator.py,REPORTING
hmme_runner.py,CONTROLLER
hmme_runtime_config.py,UTILITY
hmme_run_config.py,UTILITY
hmme_test_runner.py,CONTROLLER
hmme_validation_report.py,DECISION
intelligence_dashboard_builder.py,REPORTING
intelligence_fusion_engine.py,CORE_ENGINE
intelligence_report_builder.py,REPORTING
intraday_eod_manager.py,UNCLASSIFIED
intraday_snapshot_loader.py,UNCLASSIFIED
large_data_performance_engine.py,CORE_ENGINE
learning_checkpoint_manager.py,LEARNING
learning_config.py,LEARNING
learning_dataset_manager.py,LEARNING
learning_performance_analyzer.py,LEARNING
learning_report_generator.py,LEARNING
learning_repository_manager.py,MEMORY
learning_snapshot_manager.py,LEARNING
learning_statistics.py,LEARNING
market_state_builder.py,UNCLASSIFIED
matching_performance_engine.py,CORE_ENGINE
memory_index.py,MEMORY
memory_index_models.py,MEMORY
memory_models.py,MEMORY
memory_repository.py,MEMORY
memory_repository_builder.py,MEMORY
model_evaluator.py,UNCLASSIFIED
model_input_builder.py,UNCLASSIFIED
model_performance_monitor.py,UNCLASSIFIED
monthly_performance_engine.py,CORE_ENGINE
outcome_calibration_engine.py,CORE_ENGINE
outcome_comparison_service.py,LEARNING
outcome_filter.py,LEARNING
outcome_learning_model.py,LEARNING
outcome_validation_runner.py,CONTROLLER
parameter_control_manager.py,UNCLASSIFIED
pattern_performance_tracker.py,UNCLASSIFIED
performance_governance_engine.py,CORE_ENGINE
performance_report_manager.py,REPORTING
performance_tracker.py,UNCLASSIFIED
pipeline_execution_manager.py,CONTROLLER
prediction_accuracy_engine.py,CORE_ENGINE
probability_adjustment_service.py,UNCLASSIFIED
probability_correction_engine.py,CORE_ENGINE
probability_engine_verification.py,CORE_ENGINE
probability_fusion_engine.py,CORE_ENGINE
probability_improvement_engine.py,CORE_ENGINE
probability_learning_bridge.py,LEARNING
probability_learning_engine.py,CORE_ENGINE
production_access_manager.py,UNCLASSIFIED
production_approval_engine.py,CORE_ENGINE
production_automation_controller.py,CONTROLLER
production_decision_monitor.py,DECISION
production_health_monitor.py,UNCLASSIFIED
production_master_controller.py,CONTROLLER
production_monitoring_engine.py,CORE_ENGINE
production_notification_service.py,UNCLASSIFIED
production_pipeline_controller.py,CONTROLLER
production_report_generator.py,REPORTING
production_stability_manager.py,UNCLASSIFIED
production_workflow_manager.py,CONTROLLER
quality_governance_engine.py,CORE_ENGINE
ranking_optimizer.py,UNCLASSIFIED
replay_memory_builder.py,MEMORY
repository_backup_manager.py,MEMORY
repository_performance_manager.py,MEMORY
runtime_validation_controller.py,CONTROLLER
signal_explanation_engine.py,CORE_ENGINE
signal_explanation_manager.py,UNCLASSIFIED
similarity_calculator.py,CORE_ENGINE
similarity_execution_engine.py,CORE_ENGINE
similarity_execution_runner.py,CORE_ENGINE
similarity_index_optimizer.py,CORE_ENGINE
similarity_loader.py,CORE_ENGINE
similarity_models.py,CORE_ENGINE
similarity_optimizer.py,CORE_ENGINE
similarity_performance_config.py,CORE_ENGINE
similarity_probability.py,CORE_ENGINE
similarity_ranker.py,CORE_ENGINE
similarity_report.py,CORE_ENGINE
similarity_scoring_engine.py,CORE_ENGINE
similarity_search_service.py,CORE_ENGINE
similarity_threshold_manager.py,CORE_ENGINE
state_validator.py,UNCLASSIFIED
system_orchestration_engine.py,CORE_ENGINE
system_recovery_controller.py,CONTROLLER
validation_result_manager.py,DECISION
yearly_performance_engine.py,CORE_ENGINE
__init__.py,UNCLASSIFIED
