File,Size,Classification
accuracy_calibration_engine.py,42,KEEP_CORE
adaptive_model_engine.py,116,KEEP_CORE
advanced_statistics_engine.py,41,KEEP_CORE
alert_notification_manager.py,41,KEEP_CORE
autonomous_learning_controller.py,45,KEEP_CORE
backtest_engine.py,57,KEEP_CORE
confidence_engine.py,66,KEEP_CORE
confidence_grading_engine.py,40,KEEP_CORE
confidence_history_manager.py,41,KEEP_CORE
continuous_learning_runner.py,41,KEEP_CORE
daily_execution_controller.py,41,KEEP_CORE
daily_pipeline_controller.py,40,KEEP_CORE
daily_workflow_controller.py,40,KEEP_CORE
decision_fusion_validator.py,40,KEEP_CORE
decision_intelligence_engine.py,43,KEEP_CORE
end_to_end_execution_runner.py,40,KEEP_CORE
enterprise_intelligence_controller.py,91,KEEP_CORE
enterprise_optimization_controller.py,91,KEEP_CORE
enterprise_reporting_engine.py,42,KEEP_CORE
execution_benchmark_engine.py,41,KEEP_CORE
execution_queue_controller.py,41,KEEP_CORE
execution_scheduler_manager.py,42,KEEP_CORE
explainable_decision_engine.py,42,KEEP_CORE
feature_governance_engine.py,40,KEEP_CORE
feature_weight_manager.py,123,KEEP_CORE
final_execution_controller.py,41,KEEP_CORE
historical_dataset_manager.py,41,KEEP_CORE
historical_memory_build_runner.py,44,KEEP_CORE
historical_replay_controller.py,43,KEEP_CORE
historical_replay_manager.py,40,KEEP_CORE
historical_replay_validator.py,42,KEEP_CORE
hmme_activation_controller.py,41,KEEP_CORE
hmme_batch_runner.py,159,KEEP_CORE
hmme_daily_runner.py,115,KEEP_CORE
hmme_dataset_runner.py,108,KEEP_CORE
hmme_data_adapter.py,304,KEEP_CORE
hmme_data_validator.py,283,KEEP_CORE
hmme_enterprise_controller.py,41,KEEP_CORE
hmme_execution_manager.py,124,KEEP_CORE
hmme_governance_validator.py,40,KEEP_CORE
hmme_integration_validator.py,41,KEEP_CORE
hmme_live_runner.py,112,KEEP_CORE
hmme_master_engine.py,70,KEEP_CORE
hmme_ntis_master_controller.py,83,KEEP_CORE
hmme_operating_controller.py,40,KEEP_CORE
hmme_operations_validator.py,40,KEEP_CORE
hmme_output_manager.py,178,KEEP_CORE
hmme_pipeline.py,116,KEEP_CORE
hmme_runner.py,53,KEEP_CORE
hmme_test_runner.py,99,KEEP_CORE
intelligence_fusion_engine.py,41,KEEP_CORE
intraday_eod_manager.py,1268,KEEP_CORE
large_data_performance_engine.py,43,KEEP_CORE
learning_checkpoint_manager.py,42,KEEP_CORE
learning_dataset_manager.py,130,KEEP_CORE
learning_repository_manager.py,42,KEEP_CORE
learning_snapshot_manager.py,40,KEEP_CORE
matching_performance_engine.py,42,KEEP_CORE
monthly_performance_engine.py,41,KEEP_CORE
outcome_calibration_engine.py,41,KEEP_CORE
outcome_validation_runner.py,40,KEEP_CORE
parameter_control_manager.py,40,KEEP_CORE
performance_governance_engine.py,44,KEEP_CORE
performance_report_manager.py,41,KEEP_CORE
pipeline_execution_manager.py,41,KEEP_CORE
prediction_accuracy_engine.py,41,KEEP_CORE
probability_correction_engine.py,44,KEEP_CORE
probability_engine_verification.py,46,KEEP_CORE
probability_fusion_engine.py,40,KEEP_CORE
probability_improvement_engine.py,45,KEEP_CORE
probability_learning_bridge.py,42,KEEP_CORE
probability_learning_engine.py,42,KEEP_CORE
production_access_manager.py,40,KEEP_CORE
production_approval_engine.py,41,KEEP_CORE
production_automation_controller.py,47,KEEP_CORE
production_monitoring_engine.py,43,KEEP_CORE
production_pipeline_controller.py,45,KEEP_CORE
production_stability_manager.py,43,KEEP_CORE
production_workflow_manager.py,42,KEEP_CORE
quality_governance_engine.py,40,KEEP_CORE
repository_backup_manager.py,40,KEEP_CORE
repository_performance_manager.py,45,KEEP_CORE
runtime_validation_controller.py,44,KEEP_CORE
signal_explanation_engine.py,40,KEEP_CORE
signal_explanation_manager.py,41,KEEP_CORE
similarity_execution_engine.py,42,KEEP_CORE
similarity_execution_runner.py,42,KEEP_CORE
similarity_scoring_engine.py,40,KEEP_CORE
similarity_threshold_manager.py,43,KEEP_CORE
state_validator.py,118,KEEP_CORE
system_orchestration_engine.py,42,KEEP_CORE
system_recovery_controller.py,41,KEEP_CORE
validation_result_manager.py,40,KEEP_CORE
yearly_performance_engine.py,40,KEEP_CORE
