File,Imported_By,Referenced_By,Classification
accuracy_measurement.py,0,0,SAFE_DELETE
activation_config.py,0,0,SAFE_DELETE
adaptive_decision_score.py,0,0,SAFE_DELETE
advanced_feature_builder.py,0,0,SAFE_DELETE
audit_archive_manager.py,0,0,SAFE_DELETE
audit_logger.py,0,0,SAFE_DELETE
audit_trail_manager.py,0,0,SAFE_DELETE
automation_validator.py,0,0,SAFE_DELETE
backtest_models.py,0,0,SAFE_DELETE
backtest_report.py,0,0,SAFE_DELETE
backtest_scheduler.py,0,0,SAFE_DELETE
backup_manager.py,0,0,SAFE_DELETE
backup_trigger_manager.py,0,0,SAFE_DELETE
batch_memory_optimizer.py,0,0,SAFE_DELETE
batch_scheduler.py,0,0,SAFE_DELETE
buy_sell_optimizer.py,0,0,SAFE_DELETE
cache_management_engine.py,0,0,SAFE_DELETE
calibration_controller.py,0,0,SAFE_DELETE
chunk_processor.py,0,0,SAFE_DELETE
confidence_calibration.py,0,0,SAFE_DELETE
confidence_learning.py,0,0,SAFE_DELETE
confidence_optimization.py,0,0,SAFE_DELETE
confidence_optimizer.py,0,0,SAFE_DELETE
configuration_loader.py,0,0,SAFE_DELETE
configuration_manager.py,0,0,SAFE_DELETE
cpu_memory_monitor.py,0,0,SAFE_DELETE
daily_automation_engine.py,0,0,SAFE_DELETE
daily_learning_scheduler.py,0,0,SAFE_DELETE
daily_ntis_hmme_runner.py,0,0,SAFE_DELETE
daily_signal_generator.py,0,0,SAFE_DELETE
daily_summary_engine.py,0,0,SAFE_DELETE
dashboard_data_provider.py,0,0,SAFE_DELETE
dataset_audit_manager.py,0,0,SAFE_DELETE
dataset_profiler.py,0,0,SAFE_DELETE
dataset_registry.py,0,0,SAFE_DELETE
data_backup_controller.py,0,0,SAFE_DELETE
data_connection_manager.py,0,0,SAFE_DELETE
data_health_checker.py,0,0,SAFE_DELETE
data_lineage_tracker.py,0,0,SAFE_DELETE
data_models.py,0,0,SAFE_DELETE
data_quality_control.py,0,0,SAFE_DELETE
data_replay_validator.py,0,0,SAFE_DELETE
data_validation_engine.py,0,0,SAFE_DELETE
data_version_manager.py,0,0,SAFE_DELETE
decision_audit_engine.py,0,0,SAFE_DELETE
decision_audit_logger.py,0,0,SAFE_DELETE
decision_history_archive.py,0,0,SAFE_DELETE
deployment_checklist.py,0,0,SAFE_DELETE
deployment_manager.py,0,0,SAFE_DELETE
disaster_recovery_engine.py,0,0,SAFE_DELETE
distributed_batch_engine.py,0,0,SAFE_DELETE
drawdown_analysis.py,0,0,SAFE_DELETE
drift_detection_engine.py,0,0,SAFE_DELETE
enhanced_scheduler.py,0,0,SAFE_DELETE
entry_quality_analyzer.py,0,0,SAFE_DELETE
environment_validator.py,0,0,SAFE_DELETE
error_prediction_engine.py,0,0,SAFE_DELETE
error_recovery_manager.py,0,0,SAFE_DELETE
evaluation_metrics.py,0,0,SAFE_DELETE
execution_audit_report.py,0,0,SAFE_DELETE
execution_benchmarking.py,0,0,SAFE_DELETE
execution_health_checker.py,0,0,SAFE_DELETE
execution_logger.py,0,0,SAFE_DELETE
execution_log_controller.py,0,0,SAFE_DELETE
execution_log_manager.py,0,0,SAFE_DELETE
execution_metrics.py,0,0,SAFE_DELETE
execution_monitor.py,0,0,SAFE_DELETE
execution_profiler.py,0,0,SAFE_DELETE
execution_queue.py,0,0,SAFE_DELETE
execution_state_tracker.py,0,0,SAFE_DELETE
execution_tracker.py,0,0,SAFE_DELETE
exit_quality_analyzer.py,0,0,SAFE_DELETE
export_manager.py,0,0,SAFE_DELETE
failure_pattern_analyzer.py,0,0,SAFE_DELETE
failure_recovery_manager.py,0,0,SAFE_DELETE
fast_feature_processor.py,0,0,SAFE_DELETE
feature_quality_checker.py,0,0,SAFE_DELETE
feature_selector.py,0,0,SAFE_DELETE
final_decision_engine.py,0,0,SAFE_DELETE
final_report_controller.py,0,0,SAFE_DELETE
final_signal_validator.py,0,0,SAFE_DELETE
final_test_controller.py,0,0,SAFE_DELETE
final_trade_ranker.py,0,0,SAFE_DELETE
final_trade_reporting.py,0,0,SAFE_DELETE
final_trade_score_engine.py,0,0,SAFE_DELETE
hmme_activation_logger.py,0,0,SAFE_DELETE
hmme_alert_manager.py,0,0,SAFE_DELETE
hmme_audit_logger.py,0,0,SAFE_DELETE
hmme_audit_schema.py,0,0,SAFE_DELETE
hmme_autonomous_config.py,0,0,SAFE_DELETE
hmme_batch_execution.py,0,0,SAFE_DELETE
hmme_calibration_config.py,0,0,SAFE_DELETE
hmme_compliance_schema.py,0,0,SAFE_DELETE
hmme_config_manager.py,0,0,SAFE_DELETE
hmme_daily_report.py,0,0,SAFE_DELETE
hmme_dashboard_data.py,0,0,SAFE_DELETE
hmme_dashboard_schema.py,0,0,SAFE_DELETE
hmme_data_connector.py,0,0,SAFE_DELETE
hmme_data_mapping.py,0,0,SAFE_DELETE
hmme_data_profile.py,0,0,SAFE_DELETE
hmme_deployment_schema.py,0,0,SAFE_DELETE
hmme_end_to_end_validator.py,0,0,SAFE_DELETE
hmme_error_handler.py,0,0,SAFE_DELETE
hmme_error_manager.py,0,0,SAFE_DELETE
hmme_execution_config.py,0,0,SAFE_DELETE
hmme_execution_metrics.py,0,0,SAFE_DELETE
hmme_execution_profile.py,0,0,SAFE_DELETE
hmme_execution_report.py,0,0,SAFE_DELETE
hmme_explanation_schema.py,0,0,SAFE_DELETE
hmme_export_service.py,0,0,SAFE_DELETE
hmme_governance_config.py,0,0,SAFE_DELETE
hmme_health_monitor.py,0,0,SAFE_DELETE
hmme_health_report.py,0,0,SAFE_DELETE
hmme_learning_config.py,0,0,SAFE_DELETE
hmme_learning_metrics.py,0,0,SAFE_DELETE
hmme_learning_policy.py,0,0,SAFE_DELETE
hmme_live_config.py,0,0,SAFE_DELETE
hmme_live_execution.py,0,0,SAFE_DELETE
hmme_live_validator.py,0,0,SAFE_DELETE
hmme_master_execute.py,0,0,SAFE_DELETE
hmme_master_runner.py,0,0,SAFE_DELETE
hmme_model_registry.py,0,0,SAFE_DELETE
hmme_monitoring_schema.py,0,0,SAFE_DELETE
hmme_ntis_config.py,0,0,SAFE_DELETE
hmme_ntis_report_builder.py,0,0,SAFE_DELETE
hmme_operating_config.py,0,0,SAFE_DELETE
hmme_optimization_config.py,0,0,SAFE_DELETE
hmme_output_schema.py,0,0,SAFE_DELETE
hmme_performance_schema.py,0,0,SAFE_DELETE
hmme_pipeline_status.py,0,0,SAFE_DELETE
hmme_production_config.py,0,0,SAFE_DELETE
hmme_production_rules.py,0,0,SAFE_DELETE
hmme_production_switch.py,0,0,SAFE_DELETE
hmme_production_workflow.py,0,0,SAFE_DELETE
hmme_replay_config.py,0,0,SAFE_DELETE
hmme_resource_config.py,0,0,SAFE_DELETE
hmme_runtime_profile.py,0,0,SAFE_DELETE
hmme_runtime_status.py,0,0,SAFE_DELETE
hmme_run_history.py,0,0,SAFE_DELETE
hmme_signal_schema.py,0,0,SAFE_DELETE
hmme_summary_report.py,0,0,SAFE_DELETE
hmme_test_data_manager.py,0,0,SAFE_DELETE
hmme_trade_rules.py,0,0,SAFE_DELETE
hmme_validation_rules.py,0,0,SAFE_DELETE
hmme_validation_suite.py,0,0,SAFE_DELETE
input_data_validator.py,0,0,SAFE_DELETE
integration_summary.py,0,0,SAFE_DELETE
intelligence_archive.py,0,0,SAFE_DELETE
job_manager.py,0,0,SAFE_DELETE
job_queue_manager.py,0,0,SAFE_DELETE
large_dataset_optimizer.py,0,0,SAFE_DELETE
learning_feedback_engine.py,0,0,SAFE_DELETE
learning_metrics_report.py,0,0,SAFE_DELETE
learning_policy_manager.py,0,0,SAFE_DELETE
live_execution_engine.py,0,0,SAFE_DELETE
live_market_state_adapter.py,0,0,SAFE_DELETE
live_memory_updater.py,0,0,SAFE_DELETE
live_report_generator.py,0,0,SAFE_DELETE
market_analytics_engine.py,0,0,SAFE_DELETE
market_condition_memory.py,0,0,SAFE_DELETE
market_context_adapter.py,0,0,SAFE_DELETE
market_cycle_analyzer.py,0,0,SAFE_DELETE
market_regime_engine.py,0,0,SAFE_DELETE
market_state_engine.py,0,0,SAFE_DELETE
master_validation_suite.py,0,0,SAFE_DELETE
match_explanation_engine.py,0,0,SAFE_DELETE
match_result_manager.py,0,0,SAFE_DELETE
memory_build_validator.py,0,0,SAFE_DELETE
memory_execution_service.py,0,0,SAFE_DELETE
memory_index_builder.py,0,0,SAFE_DELETE
memory_optimization.py,0,0,SAFE_DELETE
memory_optimizer.py,0,0,SAFE_DELETE
memory_snapshot_manager.py,0,0,SAFE_DELETE
memory_storage_manager.py,0,0,SAFE_DELETE
memory_usage_optimizer.py,0,0,SAFE_DELETE
model_alert_manager.py,0,0,SAFE_DELETE
model_backup_manager.py,0,0,SAFE_DELETE
model_bias_checker.py,0,0,SAFE_DELETE
model_change_tracker.py,0,0,SAFE_DELETE
model_comparison_engine.py,0,0,SAFE_DELETE
model_compliance_checker.py,0,0,SAFE_DELETE
model_efficiency_tracker.py,0,0,SAFE_DELETE
model_evolution_tracker.py,0,0,SAFE_DELETE
model_feedback_connector.py,0,0,SAFE_DELETE
model_governance_engine.py,0,0,SAFE_DELETE
model_governance_manager.py,0,0,SAFE_DELETE
model_health_analyzer.py,0,0,SAFE_DELETE
model_lifecycle_manager.py,0,0,SAFE_DELETE
model_persistence_layer.py,0,0,SAFE_DELETE
model_recovery_system.py,0,0,SAFE_DELETE
model_validation_engine.py,0,0,SAFE_DELETE
model_version_manager.py,0,0,SAFE_DELETE
model_version_tracker.py,0,0,SAFE_DELETE
multi_month_batch_runner.py,0,0,SAFE_DELETE
notification_service.py,0,0,SAFE_DELETE
ntis_daily_orchestrator.py,0,0,SAFE_DELETE
ntis_dataset_registry.py,0,0,SAFE_DELETE
ntis_hmme_bridge.py,0,0,SAFE_DELETE
ntis_hmme_comparison.py,0,0,SAFE_DELETE
ntis_learning_adapter.py,0,0,SAFE_DELETE
ntis_output_integration.py,0,0,SAFE_DELETE
ntis_output_reader.py,0,0,SAFE_DELETE
ntis_score_verification.py,0,0,SAFE_DELETE
ntis_signal_fusion.py,0,0,SAFE_DELETE
operating_metrics_engine.py,0,0,SAFE_DELETE
outcome_analytics_engine.py,0,0,SAFE_DELETE
outcome_pattern_analyzer.py,0,0,SAFE_DELETE
outcome_statistics.py,0,0,SAFE_DELETE
outcome_tracker.py,0,0,SAFE_DELETE
output_data_validator.py,0,0,SAFE_DELETE
output_quality_checker.py,0,0,SAFE_DELETE
parquet_processor.py,0,0,SAFE_DELETE
pattern_analytics_engine.py,0,0,SAFE_DELETE
pattern_cluster.py,0,0,SAFE_DELETE
pattern_evolution_engine.py,0,0,SAFE_DELETE
pattern_learning_matrix.py,0,0,SAFE_DELETE
pattern_memory.py,0,0,SAFE_DELETE
pattern_signal_fusion.py,0,0,SAFE_DELETE
pattern_similarity.py,0,0,SAFE_DELETE
pattern_success_matrix.py,0,0,SAFE_DELETE
performance_benchmark.py,0,0,SAFE_DELETE
performance_dashboard.py,0,0,SAFE_DELETE
performance_report.py,0,0,SAFE_DELETE
pipeline_config.py,0,0,SAFE_DELETE
pipeline_orchestrator.py,0,0,SAFE_DELETE
pipeline_status_manager.py,0,0,SAFE_DELETE
pipeline_test_suite.py,0,0,SAFE_DELETE
portfolio_signal_manager.py,0,0,SAFE_DELETE
probability_calibration.py,0,0,SAFE_DELETE
probability_enhancement.py,0,0,SAFE_DELETE
probability_history.py,0,0,SAFE_DELETE
production_config_loader.py,0,0,SAFE_DELETE
production_csv_interface.py,0,0,SAFE_DELETE
production_data_manager.py,0,0,SAFE_DELETE
production_error_handler.py,0,0,SAFE_DELETE
production_job_manager.py,0,0,SAFE_DELETE
production_master_runner.py,0,0,SAFE_DELETE
production_metrics.py,0,0,SAFE_DELETE
production_monitor.py,0,0,SAFE_DELETE
production_optimizer.py,0,0,SAFE_DELETE
production_report_engine.py,0,0,SAFE_DELETE
production_test_config.py,0,0,SAFE_DELETE
query_optimizer.py,0,0,SAFE_DELETE
real_data_loader.py,0,0,SAFE_DELETE
real_execution_engine.py,0,0,SAFE_DELETE
real_historical_runner.py,0,0,SAFE_DELETE
recovery_optimizer.py,0,0,SAFE_DELETE
regime_classifier.py,0,0,SAFE_DELETE
regime_config.py,0,0,SAFE_DELETE
regime_detector.py,0,0,SAFE_DELETE
regime_models.py,0,0,SAFE_DELETE
release_validator.py,0,0,SAFE_DELETE
replay_engine.py,0,0,SAFE_DELETE
replay_execution_engine.py,0,0,SAFE_DELETE
replay_models.py,0,0,SAFE_DELETE
report_exporter.py,0,0,SAFE_DELETE
report_trigger_manager.py,0,0,SAFE_DELETE
report_validation_engine.py,0,0,SAFE_DELETE
resource_monitor.py,0,0,SAFE_DELETE
restore_manager.py,0,0,SAFE_DELETE
risk_adjustment_engine.py,0,0,SAFE_DELETE
risk_control_manager.py,0,0,SAFE_DELETE
risk_governance_engine.py,0,0,SAFE_DELETE
risk_reward_optimizer.py,0,0,SAFE_DELETE
rolling_accuracy_engine.py,0,0,SAFE_DELETE
runtime_alert_engine.py,0,0,SAFE_DELETE
runtime_event_tracker.py,0,0,SAFE_DELETE
runtime_health_system.py,0,0,SAFE_DELETE
runtime_logger.py,0,0,SAFE_DELETE
runtime_monitoring_agent.py,0,0,SAFE_DELETE
runtime_profiler.py,0,0,SAFE_DELETE
runtime_validator.py,0,0,SAFE_DELETE
scheduler.py,0,0,SAFE_DELETE
score_adjustment_engine.py,0,0,SAFE_DELETE
sector_learning_engine.py,0,0,SAFE_DELETE
self_calibration_engine.py,0,0,SAFE_DELETE
service_monitor.py,0,0,SAFE_DELETE
signal_quality_monitor.py,0,0,SAFE_DELETE
signal_ranking_engine.py,0,0,SAFE_DELETE
similarity_pipeline.py,0,0,SAFE_DELETE
similarity_runner.py,0,0,SAFE_DELETE
similarity_test_runner.py,0,0,SAFE_DELETE
stock_behavior_memory.py,0,0,SAFE_DELETE
strategy_comparison.py,0,0,SAFE_DELETE
strategy_rule_manager.py,0,0,SAFE_DELETE
success_pattern_analyzer.py,0,0,SAFE_DELETE
summary_generator.py,0,0,SAFE_DELETE
system_control_panel.py,0,0,SAFE_DELETE
system_health_controller.py,0,0,SAFE_DELETE
system_health_report.py,0,0,SAFE_DELETE
trade_confidence_engine.py,0,0,SAFE_DELETE
trade_decision_history.py,0,0,SAFE_DELETE
trade_filter_engine.py,0,0,SAFE_DELETE
trade_outcome_matrix.py,0,0,SAFE_DELETE
trade_policy_manager.py,0,0,SAFE_DELETE
trade_quality_monitor.py,0,0,SAFE_DELETE
trade_quality_scoring.py,0,0,SAFE_DELETE
trade_reason_generator.py,0,0,SAFE_DELETE
trade_simulator.py,0,0,SAFE_DELETE
trade_summary_generator.py,0,0,SAFE_DELETE
trade_validation_bridge.py,0,0,SAFE_DELETE
trend_state_detector.py,0,0,SAFE_DELETE
validation_dashboard.py,0,0,SAFE_DELETE
version_control_engine.py,0,0,SAFE_DELETE
volatility_intelligence.py,0,0,SAFE_DELETE
walk_forward_validation.py,0,0,SAFE_DELETE
win_loss_analyzer.py,0,0,SAFE_DELETE
workflow_state_manager.py,0,0,SAFE_DELETE
adaptive_confidence_layer.py,0,0,SAFE_DELETE
adaptive_learning_repository.py,0,0,SAFE_DELETE
automated_workflow_trigger.py,0,0,SAFE_DELETE
confidence_adjuster.py,0,0,SAFE_DELETE
daily_scheduler_integration.py,0,0,SAFE_DELETE
dataset_validation_rules.py,0,0,SAFE_DELETE
fast_similarity_matcher.py,0,0,SAFE_DELETE
feature_importance_learning.py,0,0,SAFE_DELETE
final_intelligence_dashboard.py,0,0,SAFE_DELETE
historical_batch_processor.py,0,0,SAFE_DELETE
historical_confidence_overlay.py,0,0,SAFE_DELETE
historical_data_accelerator.py,0,0,SAFE_DELETE
historical_data_normalizer.py,0,0,SAFE_DELETE
hmme_advanced_intelligence_master.py,0,0,SAFE_DELETE
hmme_advanced_operations_master.py,0,0,SAFE_DELETE
hmme_autonomous_validation.py,0,0,SAFE_DELETE
hmme_enterprise_control_master.py,0,0,SAFE_DELETE
hmme_enterprise_intelligence_master.py,0,0,SAFE_DELETE
hmme_enterprise_runtime_master.py,0,0,SAFE_DELETE
hmme_execution_workflow.py,0,0,SAFE_DELETE
hmme_health_check.py,0,0,SAFE_DELETE
hmme_intelligence_advanced_layer_master.py,0,0,SAFE_DELETE
hmme_intelligence_control_master.py,0,0,SAFE_DELETE
hmme_intelligence_evolution_master.py,0,0,SAFE_DELETE
hmme_intelligence_expansion_master.py,0,0,SAFE_DELETE
hmme_intelligence_fusion_master.py,0,0,SAFE_DELETE
hmme_intelligence_next_layer_master.py,0,0,SAFE_DELETE
hmme_intelligence_orchestration_master.py,0,0,SAFE_DELETE
hmme_intelligence_synthesis_master.py,0,0,SAFE_DELETE
hmme_master_learning_executor.py,0,0,SAFE_DELETE
hmme_paths.py,0,0,SAFE_DELETE
hmme_runtime_executor.py,0,0,SAFE_DELETE
hmme_validation.py,0,0,SAFE_DELETE
learning_intelligence.py,0,0,SAFE_DELETE
memory_repository_execution.py,0,0,SAFE_DELETE
ntis_production_connector.py,0,0,SAFE_DELETE
outcome_learning_connector.py,0,0,SAFE_DELETE
parallel_processing_layer.py,0,0,SAFE_DELETE
parallel_similarity_processor.py,0,0,SAFE_DELETE
probability_adjuster.py,0,0,SAFE_DELETE
probability_correction_layer.py,0,0,SAFE_DELETE
production_control_center.py,0,0,SAFE_DELETE
production_readiness_check.py,0,0,SAFE_DELETE
replay_connector.py,0,0,SAFE_DELETE
sector_intelligence_layer.py,0,0,SAFE_DELETE
similarity_batch_learning.py,0,0,SAFE_DELETE
stock_behaviour_intelligence.py,0,0,SAFE_DELETE
stock_behaviour_prediction.py,0,0,SAFE_DELETE
trade_validation_verification.py,0,0,SAFE_DELETE
volatility_state_detector.py,0,0,SAFE_DELETE
