File,Size(Bytes),Modified,Category
calibration_engine.py,2844,2026-07-22 00:45:34,KEEP
candidate_selector.py,3934,2026-07-22 00:03:03,KEEP
feature_cache_manager.py,241,2026-07-22 01:04:34,KEEP
feature_config.py,184,2026-07-22 01:03:25,KEEP
feature_engineering.py,265,2026-07-22 01:03:25,KEEP
feature_models.py,141,2026-07-22 01:03:25,KEEP
feature_normalizer.py,1464,2026-07-21 21:16:02,KEEP
historical_similarity_engine.py,2849,2026-07-22 00:16:38,KEEP
hmme18_config.py,119,2026-07-22 01:01:24,KEEP
hmme41_paths.py,16,2026-07-22 01:17:55,KEEP
hmme_autonomous_master_controller.py,89,2026-07-22 01:32:47,KEEP
hmme_controller.py,31,2026-07-22 01:13:46,KEEP
hmme_decision_schema.py,35,2026-07-22 01:32:47,KEEP
hmme_engine.py,1664,2026-07-22 00:44:00,KEEP
hmme_execution_summary.py,127,2026-07-22 00:58:33,KEEP
hmme_final_master_controller.py,84,2026-07-22 01:40:26,KEEP
hmme_validation_report.py,117,2026-07-22 00:57:13,KEEP
memory_index.py,2061,2026-07-22 00:42:31,KEEP
memory_models.py,443,2026-07-22 00:39:49,KEEP
memory_repository.py,1918,2026-07-22 00:39:49,KEEP
performance_tracker.py,35,2026-07-22 01:15:37,KEEP
production_master_controller.py,85,2026-07-22 01:36:26,KEEP
similarity_calculator.py,2357,2026-07-21 21:23:05,KEEP
similarity_loader.py,1848,2026-07-21 21:10:40,KEEP
similarity_models.py,1920,2026-07-21 21:00:23,KEEP
similarity_probability.py,1797,2026-07-21 21:31:41,KEEP
similarity_ranker.py,1341,2026-07-21 21:29:01,KEEP
similarity_report.py,1501,2026-07-21 21:33:23,KEEP
